{
  "name": "proj4",
  "version": "2.3.14",
  "description": "Proj4js is a JavaScript library to transform point coordinates from one coordinate system to another, including datum transformations.",
  "homepage": "https://github.com/proj4js/proj4js",
  "main": "dist/proj4.js",
  "keywords": [
    "gis",
    "projections",
    "geospatial",
    "transform",
    "datum"
  ],
  "license": "MIT",
  "ignore": [
    "**/.*",
    "node_modules",
    "bower_components",
    "test",
    "tests",
    "almond",
    "src"
  ],
  "_release": "2.3.14",
  "_resolution": {
    "type": "version",
    "tag": "2.3.14",
    "commit": "7619c8a63df1eae5bad0b9ad31ca1d87b0549243"
  },
  "_source": "https://github.com/proj4js/proj4js.git",
  "_target": "2.3.14",
  "_originalSource": "proj4"
}